name,email,age,mark1,mark2,mark3,result_status,,,,
John,jdoe@example.com,14,45,45,67,pass,,,,
Jane,jsmith@example.com,15,67,67,76,pass,,,,
Sarah,sthomas@example.com,16,87,87,76,pass,,,,
Frank,fbrown@example.com,17,45,45,89,pass,,,,
Mike,mdavis@example.com,14,35,35,78,pass,,,,
Jennifer,jwilson@example.com,15,30,30,89,failed,,,,
Jessica,jgarcia@example.com,16,20,20,90,failed,,,,
Fred,fclark@example.com,14,25,25,56,failed,,,,
Bob,blopez@example.com,15,45,79,78,pass,,,,
mac,mac@gmail.com,15,45,79,78,failed,,,,
maciin,macin@gmail.com,15,45,79,78,failed,,,,
,,,,,,,,,,
,,,,,,,,,,
,,,,,,,,,,
,,,,,,,,,,
,,,,,,,,,,
,,,,,,,,,,
,,,,,,,,,,
,,,,,,,,,,
,,,,,,,,,,
,,,,,,,,,,
,,,,,,,,,,
,,,,,,,,,,
,,,,,,,,,,
,,,,,,,,,,
,,,,,,,,,,
,,,,,,,,,,
,,,,,,,,,,
,,,,,,,,,,
,,,,,,,,,,
,,,,,,,,,,
,,,,,,,,,,
,,,,,,,,,,
,,,,,,,,,,
,,,,,,,,,,
,,,,,,,,,,
,,,,,,,,,,
,,,,,,,,,,
,,,,,,,,,,
,,,,,,,,,,
,,,,,,,,,,
,,,,,,,,,,
,,,,,,,,,,
,,,,,,,,,,
,,,,,,,,,,
,,,,,,,,,,
,,,,,,,,,,
,,,,,,,,,,
,,,,,,,,,,
,,,,,,,,,,
,,,,,,,,,,
,,,,,,,,,,
,,,,,,,,,,
,,,,,,,,,,
,,,,,,,,,,
,,,,,,,,,,
,,,,,,,,,, 
